WELL NAME,LICENCE NUMBER,MINERAL RIGHTS,GROUND ELEVATION,UID,SURFACE CO-ORDINATES,BOARD FIELD CENTRE,PROJECTED DEPTH,DRILLING OPERATION,WELL PURPOSE,WELL TYPE,SUBSTANCE,DATE,LAHEE CLASSIFICATION,FIELD,TERMINATING ZONE,LICENSEE,SURFACE LOCATION,ATS,WEEK,MONTH,YEAR,ConvDF,Lat,Long
CRESTWYND HZ MEANOOK 10-14-63-22,499159,ALBERTA CROWN,671.6M,102/10-14-063-22W4/00  S  562.5M  W,82.2M,ST. ALBERT,2490.0,HORIZONTAL,NEW,PRODUCTION,CRUDE OIL,2021-01-02,DEV (C),MEANOOK,CLEARWATER FM,CRESTWYND EXPLORATION LTD.,09-23-063-22W4,23063224,53,1,2021.0,23063224.0,54.46348424,-113.2069111
CRESTWYND HZ MEANOOK 9-14-63-22,499160,ALBERTA CROWN,671.6M,100/09-14-063-22W4/00  S  572.5M  W,82.3M,ST. ALBERT,2645.0,HORIZONTAL,NEW,PRODUCTION,CRUDE OIL,2021-01-02,DEV (C),MEANOOK,CLEARWATER FM,CRESTWYND EXPLORATION LTD.,09-23-063-22W4,23063224,53,1,2021.0,23063224.0,54.46348424,-113.2069111
CNRL 5HZ RE WILDMERE 16-26-48-6,467485,BOTH,639M,103/16-26-048-06W4/02  S  230.3M  W,60.1M,WAINWRIGHT,2278.0,HORIZONTAL,RESUMPTIO,PRODUCTION,CRUDE OIL,2021-01-13,DEV (NC),WILDMERE,GENERAL PETROLEUM MBR,CANADIAN NATURAL RESOURCES LIMITED,16-23-048-06W4,23048064,2,1,2021.0,23048064.0,53.15413957,-110.7609824
PIPE 102 HZ ELM 12-14-71-8,499253,ALBERTA CROWN,716.4M,102/12-14-071-08W6/00  N  501.0M  E,670.2M,GRANDE PRAIRIE,5000.0,HORIZONTAL,NEW,PRODUCTION,GAS,2021-01-13,DEV (C),ELMWORTH,MONTNEY FM,PIPESTONE ENERGY CORP.,06-13-071-08W6,13071086,2,1,2021.0,13071086.0,55.1488413,-119.0770659
PIPE HZ  ELM 13-14-71-8,499254,ALBERTA CROWN,716.3M,100/13-14-071-08W6/00  N  511.0M  E,670.2M,GRANDE PRAIRIE,5000.0,HORIZONTAL,NEW,PRODUCTION,GAS,2021-01-13,DEV (C),ELMWORTH,MONTNEY FM,PIPESTONE ENERGY CORP.,06-13-071-08W6,13071086,2,1,2021.0,13071086.0,55.1488413,-119.0770659
PIPE HZ WEMBLEY 4-23-71-8,499255,ALBERTA CROWN,716.2M,100/04-23-071-08W6/00  N  521.0M  E,670.2M,GRANDE PRAIRIE,5100.0,HORIZONTAL,NEW,PRODUCTION,GAS,2021-01-13,DEV (C),WEMBLEY,MONTNEY FM,PIPESTONE ENERGY CORP.,06-13-071-08W6,13071086,2,1,2021.0,13071086.0,55.1488413,-119.0770659
PIPE HZ WEMBLEY 5-23-71-8,499256,ALBERTA CROWN,716.5M,100/05-23-071-08W6/00  N  501.0M  E,720.2M,GRANDE PRAIRIE,5029.0,HORIZONTAL,NEW,PRODUCTION,GAS,2021-01-13,DEV (C),WEMBLEY,MONTNEY FM,PIPESTONE ENERGY CORP.,06-13-071-08W6,13071086,2,1,2021.0,13071086.0,55.1488413,-119.0770659
PIPE 102 HZ WEMBLEY 5-23-71-8,499257,ALBERTA CROWN,716.4M,102/05-23-071-08W6/00  N  511.0M  E,720.2M,GRANDE PRAIRIE,5294.0,HORIZONTAL,NEW,PRODUCTION,GAS,2021-01-13,DEV (C),WEMBLEY,MONTNEY FM,PIPESTONE ENERGY CORP.,06-13-071-08W6,13071086,2,1,2021.0,13071086.0,55.1488413,-119.0770659
PIPE HZ WEMBLEY 12-23-71-8,499258,ALBERTA CROWN,716.3M,100/12-23-071-08W6/00  N  521.0M  E,720.2M,GRANDE PRAIRIE,5383.0,HORIZONTAL,NEW,PRODUCTION,GAS,2021-01-13,DEV (C),WEMBLEY,MONTNEY FM,PIPESTONE ENERGY CORP.,06-13-071-08W6,13071086,2,1,2021.0,13071086.0,55.1488413,-119.0770659
WHITECAP PEMBINA 9-32-49-11,499259,ALBERTA CROWN,957.8M,104/09-32-049-11W5/00  N  423.5M  W,413.7M,DRAYTON VALLEY,3997.0,NATURAL DRIFT,NEW,PRODUCTION,CRUDE OIL,2021-01-13,DEV (NC),PEMBINA,CARDIUM FM,WHITECAP RESOURCES INC.,07-08-050-11W5,8050115,2,1,2021.0,8050115.0,53.30153155,-115.5620107
7GEN HZ 103 KAKWA 1-36-63-6,499260,ALBERTA CROWN,971.5M,103/01-36-063-06W6/00  N  394.6M  W,28.6M,GRANDE PRAIRIE,6300.0,HORIZONTAL,NEW,PRODUCTION,GAS,2021-01-13,DEV (C),KAKWA,MONTNEY FM,SEVEN GENERATIONS ENERGY LTD.,01-02-064-06W6,2064066,2,1,2021.0,2064066.0,54.50896928,-118.7807083
7GEN HZ 104 KAKWA 1-36-63-6,499261,ALBERTA CROWN,971.5M,104/01-36-063-06W6/00  N  384.4M  W,24.4M,GRANDE PRAIRIE,6300.0,HORIZONTAL,NEW,PRODUCTION,GAS,2021-01-13,DEV (C),KAKWA,MONTNEY FM,SEVEN GENERATIONS ENERGY LTD.,01-02-064-06W6,2064066,2,1,2021.0,2064066.0,54.50896928,-118.7807083
7GEN HZ 103 KAKWA 2-36-63-6,499262,ALBERTA CROWN,971.5M,103/02-36-063-06W6/00  N  374.3M  W,20.2M,GRANDE PRAIRIE,6300.0,HORIZONTAL,NEW,PRODUCTION,GAS,2021-01-13,DEV (C),KAKWA,MONTNEY FM,SEVEN GENERATIONS ENERGY LTD.,01-02-064-06W6,2064066,2,1,2021.0,2064066.0,54.50896928,-118.7807083
CHEVRON HZ SAXON 8-11-62-24,499263,ALBERTA CROWN,1002.4M,100/08-11-062-24W5/00  N  448.5M  E,799.5M,GRANDE PRAIRIE,6998.0,HORIZONTAL,NEW,PRODUCTION,GAS,2021-01-13,DEV (C),SAXON,DUVERNAY FM,CHEVRON CANADA LIMITED,06-23-062-24W5,23062245,2,1,2021.0,23062245.0,54.37764422,-117.4763465
CHEVRON HZ SAXON 7-11-62-24,499264,ALBERTA CROWN,1002.4M,100/07-11-062-24W5/00  N  455.8M  E,799.3M,GRANDE PRAIRIE,6966.0,HORIZONTAL,NEW,PRODUCTION,GAS,2021-01-13,DEV (C),SAXON,DUVERNAY FM,CHEVRON CANADA LIMITED,06-23-062-24W5,23062245,2,1,2021.0,23062245.0,54.37764422,-117.4763465
CHEVRON HZ SAXON 6-11-62-24,499265,ALBERTA CROWN,1002.4M,100/06-11-062-24W5/00  N  463.1M  E,799.0M,GRANDE PRAIRIE,6952.0,HORIZONTAL,NEW,PRODUCTION,GAS,2021-01-13,DEV (C),SAXON,DUVERNAY FM,CHEVRON CANADA LIMITED,06-23-062-24W5,23062245,2,1,2021.0,23062245.0,54.37764422,-117.4763465
CHEVRON 102 HZ SAXON 6-11-62-24,499266,ALBERTA CROWN,1002.4M,102/06-11-062-24W5/00  N  470.5M  E,798.7M,GRANDE PRAIRIE,6893.0,HORIZONTAL,NEW,PRODUCTION,GAS,2021-01-13,DEV (C),SAXON,DUVERNAY FM,CHEVRON CANADA LIMITED,06-23-062-24W5,23062245,2,1,2021.0,23062245.0,54.37764422,-117.4763465
CHEVRON HZ SAXON 5-11-62-24,499267,ALBERTA CROWN,1002.4M,100/05-11-062-24W5/00  N  477.8M  E,798.4M,GRANDE PRAIRIE,7032.0,HORIZONTAL,NEW,PRODUCTION,GAS,2021-01-13,DEV (C),SAXON,DUVERNAY FM,CHEVRON CANADA LIMITED,06-23-062-24W5,23062245,2,1,2021.0,23062245.0,54.37764422,-117.4763465
STRATHCONA HZ 103 LATOR 5-21-62-3,499268,ALBERTA CROWN,1067.5M,103/05-21-062-03W6/00  S  650.9M  E,332.9M,GRANDE PRAIRIE,6400.0,HORIZONTAL,NEW,PRODUCTION,GAS,2021-01-13,DEV (NC),LATOR,MONTNEY FM,STRATHCONA RESOURCES LTD.,12-09-062-03W6,9062036,2,1,2021.0,9062036.0,54.34861297,-118.3751812
STRATHCONA HZ 104 LATOR 5-21-62-3,499269,ALBERTA CROWN,1067.5M,104/05-21-062-03W6/00  S  658.4M  E,333.5M,GRANDE PRAIRIE,6400.0,HORIZONTAL,NEW,PRODUCTION,GAS,2021-01-13,DEV (NC),LATOR,MONTNEY FM,STRATHCONA RESOURCES LTD.,12-09-062-03W6,9062036,2,1,2021.0,9062036.0,54.34861297,-118.3751812
STRATHCONA HZ LATOR 6-21-62-3,499270,ALBERTA CROWN,1067.5M,100/06-21-062-03W6/00  S  665.9M  E,334.0M,GRANDE PRAIRIE,6400.0,HORIZONTAL,NEW,PRODUCTION,GAS,2021-01-13,DEV (NC),LATOR,MONTNEY FM,STRATHCONA RESOURCES LTD.,12-09-062-03W6,9062036,2,1,2021.0,9062036.0,54.34861297,-118.3751812
STRATHCONA HZ 102 LATOR 6-21-62-3,499271,ALBERTA CROWN,1067.6M,102/06-21-062-03W6/00  S  690.9M  E,335.8M,GRANDE PRAIRIE,6400.0,HORIZONTAL,NEW,PRODUCTION,GAS,2021-01-13,DEV (NC),LATOR,MONTNEY FM,STRATHCONA RESOURCES LTD.,12-09-062-03W6,9062036,2,1,2021.0,9062036.0,54.34861297,-118.3751812
STRATHCONA HZ LATOR 7-21-62-3,499272,ALBERTA CROWN,1067.6M,100/07-21-062-03W6/00  S  698.3M  E,336.5M,GRANDE PRAIRIE,6400.0,HORIZONTAL,NEW,PRODUCTION,GAS,2021-01-13,DEV (NC),LATOR,MONTNEY FM,STRATHCONA RESOURCES LTD.,12-09-062-03W6,9062036,2,1,2021.0,9062036.0,54.34861297,-118.3751812
STRATHCONA HZ 102 LATOR 7-21-62-3,499273,ALBERTA CROWN,1067.6M,102/07-21-062-03W6/00  S  705.8M  E,336.9M,GRANDE PRAIRIE,6400.0,HORIZONTAL,NEW,PRODUCTION,GAS,2021-01-13,DEV (NC),LATOR,MONTNEY FM,STRATHCONA RESOURCES LTD.,12-09-062-03W6,9062036,2,1,2021.0,9062036.0,54.34861297,-118.3751812
SPL 16-06 MARTEN 14-8-76-5,499191,ALBERTA CROWN,778.8M,100/14-08-076-05W5/00  S  142.8M  W,92.7M,ST. ALBERT,2800.0,HORIZONTAL,NEW,PRODUCTION,CRUDE OIL,2021-01-06,DEV (C),MARTEN,CLEARWATER FM,SPUR PETROLEUM LTD.,16-06-076-05W5,6076055,1,1,2021.0,6076055.0,55.55576387,-114.7518468
SPL 16-06 MARTEN 16-4-76-5,499192,ALBERTA CROWN,778.8M,100/16-04-076-05W5/00  S  143.1M  W,82.7M,ST. ALBERT,3800.0,HORIZONTAL,NEW,PRODUCTION,CRUDE OIL,2021-01-06,DEV (C),UNDEFINED,CLEARWATER FM,SPUR PETROLEUM LTD.,16-06-076-05W5,6076055,1,1,2021.0,6076055.0,55.55576387,-114.7518468
RIDGEBACK HZ BONANZA 4-20-82-11,499193,ALBERTA CROWN,621.9M,100/04-20-082-11W6/00  N  371.9M  E,80.5M,GRANDE PRAIRIE,4654.0,HORIZONTAL,NEW,PRODUCTION,CRUDE OIL,2021-01-06,DEV (C),BONANZA,CHARLIE LAKE FM,RIDGEBACK RESOURCES INC.,04-22-082-11W6,22082116,1,1,2021.0,22082116.0,56.12340125,-119.6186355
ARTIS HZ TWINING 15-4-31-25,499236,ALBERTA CROWN,930.4M,100/15-04-031-25W4/00  S   67.5M  E,782.3M,RED DEER,6000.0,HORIZONTAL,NEW,PRODUCTION,CRUDE OIL,2021-01-12,DEV (NC),TWINING,DUVERNAY FM,ARTIS EXPLORATION LTD.,14-16-031-25W4,16031254,2,1,2021.0,16031254.0,51.65622608,-113.4775109
ARTIS HZ TWINING 3-33-31-25,499237,ALBERTA CROWN,930.5M,100/03-33-031-25W4/00  S   67.5M  E,770.3M,RED DEER,6250.0,HORIZONTAL,NEW,PRODUCTION,CRUDE OIL,2021-01-12,DEV (NC),TWINING,DUVERNAY FM,ARTIS EXPLORATION LTD.,14-16-031-25W4,16031254,2,1,2021.0,16031254.0,51.65622608,-113.4775109
ARTIS HZ 102 TWINING 15-4-31-25,499238,ALBERTA CROWN,930.6M,102/15-04-031-25W4/00  S   67.5M  E,750.3M,RED DEER,6250.0,HORIZONTAL,NEW,PRODUCTION,CRUDE OIL,2021-01-12,DEV (NC),TWINING,DUVERNAY FM,ARTIS EXPLORATION LTD.,14-16-031-25W4,16031254,2,1,2021.0,16031254.0,51.65622608,-113.4775109
ARTIS HZ 102 TWINING 3-33-31-25,499239,ALBERTA CROWN,930.5M,102/03-33-031-25W4/00  S   67.5M  E,738.3M,RED DEER,6000.0,HORIZONTAL,NEW,PRODUCTION,CRUDE OIL,2021-01-12,DEV (NC),TWINING,DUVERNAY FM,ARTIS EXPLORATION LTD.,14-16-031-25W4,16031254,2,1,2021.0,16031254.0,51.65622608,-113.4775109
TXNE 11A-3 HZ ALDSON 11-2-15-13,499240,FREEHOLD,743.8M,102/11-02-015-13W4/00  S  733.9M  E,730.6M,MEDICINE HAT,2750.0,HORIZONTAL,NEW,PRODUCTION,CRUDE OIL,2021-01-12,DEV (NC),ALDERSON,ELLERSLIE MBR,TORXEN ENERGY LTD.,11-03-015-13W4,3015134,2,1,2021.0,3015134.0,50.23006162,-111.7002533
TXNE 11A-3 HZ ALDSON 12-4-15-13,499241,FREEHOLD,743.8M,100/12-04-015-13W4/00  S  759.2M  E,742.6M,MEDICINE HAT,3250.0,HORIZONTAL,NEW,PRODUCTION,CRUDE OIL,2021-01-12,DEV (NC),ALDERSON,ELLERSLIE MBR,TORXEN ENERGY LTD.,11-03-015-13W4,3015134,2,1,2021.0,3015134.0,50.23006162,-111.7002533
NORTH 40 HZ WAYNE 1-18-28-19,499242,FREEHOLD,800.5M,100/01-18-028-19W4/00  S   55.0M  E,650.2M,MIDNAPORE,3850.0,HORIZONTAL,NEW,PRODUCTION,CRUDE OIL,2021-01-12,DEV (NC),WAYNE-ROSEDALE,BASAL QUARTZ SD,NORTH 40 RESOURCES LTD.,14-09-028-19W4,9028194,2,1,2021.0,9028194.0,51.37972605,-112.6068383
SURGE ENERGY 102  PROVOST 15-32-36-3,499243,ALBERTA CROWN,668M,102/15-32-036-03W4/00  S  100.0M  W,778.9M,WAINWRIGHT,2525.0,HORIZONTAL,NEW,PRODUCTION,CRUDE OIL,2021-01-12,DEV (NC),PROVOST,SPARKY MBR,SURGE ENERGY INC.,15-29-036-03W4,29036034,2,1,2021.0,29036034.0,52.12119844,-110.3860556
SURGE ENERGY 103 PROVOST 15-32-36-3,499244,ALBERTA CROWN,668M,103/15-32-036-03W4/00  S  100.0M  W,793.9M,WAINWRIGHT,2420.0,HORIZONTAL,NEW,PRODUCTION,CRUDE OIL,2021-01-12,DEV (NC),PROVOST,SPARKY MBR,SURGE ENERGY INC.,15-29-036-03W4,29036034,2,1,2021.0,29036034.0,52.12119844,-110.3860556
SURGE ENERGY 102HZ PROVOST 2-29-36-3,499245,ALBERTA CROWN,668M,102/02-29-036-03W4/00  S  100.0M  E,801.0M,WAINWRIGHT,2230.0,HORIZONTAL,NEW,PRODUCTION,CRUDE OIL,2021-01-12,DEV (NC),PROVOST,SPARKY MBR,SURGE ENERGY INC.,14-29-036-03W4,29036034,2,1,2021.0,29036034.0,52.12119844,-110.3860556
SURGE ENERGY HZ PROVOST 3-29-36-3,499246,ALBERTA CROWN,667.8M,100/03-29-036-03W4/00  S  100.0M  E,786.0M,WAINWRIGHT,2225.0,HORIZONTAL,NEW,PRODUCTION,CRUDE OIL,2021-01-12,DEV (NC),PROVOST,SPARKY MBR,SURGE ENERGY INC.,14-29-036-03W4,29036034,2,1,2021.0,29036034.0,52.12119844,-110.3860556
SURGE ENERGY 102HZ PROVOST 3-29-36-3,499247,ALBERTA CROWN,667.6M,102/03-29-036-03W4/00  S  100.0M  E,771.0M,WAINWRIGHT,2320.0,HORIZONTAL,NEW,PRODUCTION,CRUDE OIL,2021-01-12,DEV (NC),PROVOST,SPARKY MBR,SURGE ENERGY INC.,14-29-036-03W4,29036034,2,1,2021.0,29036034.0,52.12119844,-110.3860556
SURGE ENERGY 103 PROVOST 14-32-36-3,499248,ALBERTA CROWN,667.7M,103/14-32-036-03W4/00  S  100.0M  E,756.0M,WAINWRIGHT,2510.0,HORIZONTAL,NEW,PRODUCTION,CRUDE OIL,2021-01-12,DEV (NC),PROVOST,SPARKY MBR,SURGE ENERGY INC.,14-29-036-03W4,29036034,2,1,2021.0,29036034.0,52.12119844,-110.3860556
BONTERRA HZ 102 PEMBINA 4-31-46-7,499249,ALBERTA CROWN,916.4M,102/04-31-046-07W5/00  N  211.1M  E,201.8M,DRAYTON VALLEY,3320.0,HORIZONTAL,NEW,PRODUCTION,CRUDE OIL,2021-01-12,DEV (NC),PEMBINA,CARDIUM FM,BONTERRA ENERGY CORP.,04-32-046-07W5,32046075,2,1,2021.0,32046075.0,53.01135559,-114.9683011
BONTERRA HZ 103 PEMBINA 5-31-46-7,499250,ALBERTA CROWN,915.7M,103/05-31-046-07W5/00  N  221.1M  E,201.8M,DRAYTON VALLEY,3340.0,HORIZONTAL,NEW,PRODUCTION,CRUDE OIL,2021-01-12,DEV (NC),PEMBINA,CARDIUM FM,BONTERRA ENERGY CORP.,04-32-046-07W5,32046075,2,1,2021.0,32046075.0,53.01135559,-114.9683011
BONTERRA HZ 104 PEMBINA 5-31-46-7,499251,ALBERTA CROWN,915.3M,104/05-31-046-07W5/00  N  231.1M  E,201.8M,DRAYTON VALLEY,3470.0,HORIZONTAL,NEW,PRODUCTION,CRUDE OIL,2021-01-12,DEV (NC),PEMBINA,CARDIUM FM,BONTERRA ENERGY CORP.,04-32-046-07W5,32046075,2,1,2021.0,32046075.0,53.01135559,-114.9683011
PEYTO WILD RIV 3-21-56-24,499252,ALBERTA CROWN,1045.5M,102/03-21-056-24W5/00  N   97.5M  E,386.6M,DRAYTON VALLEY,3700.0,HORIZONTAL,NEW,PRODUCTION,GAS,2021-01-12,DEV (C),WILD RIVER,CARDIUM FM,PEYTO EXPLORATION & DEVELOPMENT CORP.,04-28-056-24W5,28056245,2,1,2021.0,28056245.0,53.86843143,-117.4948253
INPLAY OIL HZ PEMBINA 13-12-47-10,499274,ALBERTA CROWN,923M,100/13-12-047-10W5/00  S  207.9M  W,358.5M,DRAYTON VALLEY,4431.0,HORIZONTAL,NEW,PRODUCTION,CRUDE OIL,2021-01-14,DEV (NC),PEMBINA,CARDIUM FM,INPLAY OIL CORP.,16-07-047-09W5,7047095,2,1,2021.0,7047095.0,53.03957626,-115.2938555
INPLAY OIL 02 HZ PEMBINA 13-12-47-10,499275,ALBERTA CROWN,923.3M,102/13-12-047-10W5/00  S  211.9M  W,338.9M,DRAYTON VALLEY,4430.0,HORIZONTAL,NEW,PRODUCTION,CRUDE OIL,2021-01-14,DEV (NC),PEMBINA,CARDIUM FM,INPLAY OIL CORP.,16-07-047-09W5,7047095,2,1,2021.0,7047095.0,53.03957626,-115.2938555
INPLAY OIL HZ PEMBINA 12-12-47-10,499276,ALBERTA CROWN,922.9M,100/12-12-047-10W5/00  S  215.9M  W,319.3M,DRAYTON VALLEY,4476.0,HORIZONTAL,NEW,PRODUCTION,CRUDE OIL,2021-01-14,DEV (NC),PEMBINA,CARDIUM FM,INPLAY OIL CORP.,16-07-047-09W5,7047095,2,1,2021.0,7047095.0,53.03957626,-115.2938555
7GEN HZ KAKWA 15-1-63-5,499277,ALBERTA CROWN,929.3M,100/15-01-063-05W6/00  S  260.9M  E,120.5M,GRANDE PRAIRIE,6300.0,HORIZONTAL,NEW,PRODUCTION,GAS,2021-01-14,DEV (C),KAKWA,MONTNEY FM,SEVEN GENERATIONS ENERGY LTD.,13-11-063-05W6,11063056,2,1,2021.0,11063056.0,54.4361355,-118.6297245
7GEN HZ KAKWA 14-1-63-5,499278,ALBERTA CROWN,929.4M,100/14-01-063-05W6/00  S  266.3M  E,110.9M,GRANDE PRAIRIE,6300.0,HORIZONTAL,NEW,PRODUCTION,GAS,2021-01-14,DEV (C),KAKWA,MONTNEY FM,SEVEN GENERATIONS ENERGY LTD.,13-11-063-05W6,11063056,2,1,2021.0,11063056.0,54.4361355,-118.6297245
7GEN HZ KAKWA 16-2-63-5,499279,ALBERTA CROWN,929.5M,100/16-02-063-05W6/00  S  271.7M  E,101.4M,GRANDE PRAIRIE,6300.0,HORIZONTAL,NEW,PRODUCTION,GAS,2021-01-14,DEV (C),KAKWA,MONTNEY FM,SEVEN GENERATIONS ENERGY LTD.,13-11-063-05W6,11063056,2,1,2021.0,11063056.0,54.4361355,-118.6297245
7GEN HZ 102 KAKWA 16-2-63-5,499280,ALBERTA CROWN,929.6M,102/16-02-063-05W6/00  S  277.1M  E,91.8M,GRANDE PRAIRIE,6300.0,HORIZONTAL,NEW,PRODUCTION,GAS,2021-01-14,DEV (C),KAKWA,MONTNEY FM,SEVEN GENERATIONS ENERGY LTD.,13-11-063-05W6,11063056,2,1,2021.0,11063056.0,54.4361355,-118.6297245
TOURMALINE 102 KAKWA 7-4-62-5,499281,ALBERTA CROWN,1009.9M,102/07-04-062-05W6/00  N  448.3M  E,66.8M,GRANDE PRAIRIE,5152.0,HORIZONTAL,NEW,PRODUCTION,GAS,2021-01-14,DEV (C),KAKWA,SPIRIT RIVER FM,TOURMALINE OIL CORP.,05-02-062-05W6,2062056,2,1,2021.0,2062056.0,54.33416215,-118.6250795
TOURMALINE 102 KAKWA 11-4-62-5,499282,ALBERTA CROWN,1010.1M,102/11-04-062-05W6/00  N  451.6M  E,70.5M,GRANDE PRAIRIE,5440.0,HORIZONTAL,NEW,PRODUCTION,GAS,2021-01-14,DEV (C),KAKWA,SPIRIT RIVER FM,TOURMALINE OIL CORP.,05-02-062-05W6,2062056,2,1,2021.0,2062056.0,54.33416215,-118.6250795
HEL STURLKS 2-36-69-22,499283,ALBERTA CROWN,674.2M,100/02-36-069-22W5/00  N  719.5M  E,331.5M,GRANDE PRAIRIE,5876.0,HORIZONTAL,NEW,PRODUCTION,CRUDE OIL,2021-01-14,XPL (C),STURGEON LAKE SOUTH,DUVERNAY FM,HITIC ENERGY LTD.,05-02-070-22W5,2070225,2,1,2021.0,2070225.0,55.03229753,-117.2301849
MEG AF2N HARDY 9-19-77-5,483791,ALBERTA CROWN,564M,112/09-19-077-05W4/02  N  630.5M  E,317.8M,BONNYVILLE,1746.0,HORIZONTAL,RESUMPTIO,PRODUCTION (SCHEME),CRUDE BITUMEN,2021-01-21,DEV (NC),HARDY,MCMURRAY FM,MEG ENERGY CORP.,05-19-077-05W4,19077054,3,1,2021.0,19077054.0,55.68625552,-110.7562558
BIR 14-28 HZ PCOUPES 10-31-77-13,499337,ALBERTA CROWN,853.1M,100/10-31-077-13W6/00  S   63.7M  E,403.6M,GRANDE PRAIRIE,4950.0,HORIZONTAL,NEW,PRODUCTION,GAS,2021-01-21,DEV (NC),POUCE COUPE SOUTH,DOIG FM,BIRCHCLIFF ENERGY LTD.,14-28-077-13W6,28077136,3,1,2021.0,28077136.0,55.70138955,-119.9398
BIR 14-28 HZ PCOUPES 15-31-77-13,499338,ALBERTA CROWN,853.4M,100/15-31-077-13W6/00  S   53.7M  E,403.6M,GRANDE PRAIRIE,5105.0,HORIZONTAL,NEW,PRODUCTION,GAS,2021-01-21,DEV (NC),POUCE COUPE SOUTH,DOIG FM,BIRCHCLIFF ENERGY LTD.,14-28-077-13W6,28077136,3,1,2021.0,28077136.0,55.70138955,-119.9398
LONGSHORE DD 102 PROVOST 6-28-39-6,499339,ALBERTA CROWN,694.6M,102/06-28-039-06W4/00  N  581.2M  E,525.0M,WAINWRIGHT,912.0,DIRECTIONAL,NEW,PRODUCTION,CRUDE OIL,2021-01-21,XPL (C),PROVOST,LEDUC FM,LONGSHORE RESOURCES LTD.,06-28-039-06W4,28039064,3,1,2021.0,28039064.0,52.38308367,-110.7968405
DANZIG NIPISI 13-26-76-8,499340,ALBERTA CROWN,685.6M,100/13-26-076-08W5/00  S  394.0M  E,105.3M,ST. ALBERT,2500.0,HORIZONTAL,NEW,PRODUCTION,CRUDE OIL,2021-01-21,XPL (C),UNDEFINED,CLEARWATER FM,DANZIG RESOURCES LTD.,13-23-076-08W5,23076085,3,1,2021.0,23076085.0,55.59941232,-115.1139756
DANZIG NIPISI 14-26-76-8,499341,ALBERTA CROWN,685.9M,100/14-26-076-08W5/00  S  385.8M  E,111.0M,ST. ALBERT,2500.0,HORIZONTAL,NEW,PRODUCTION,CRUDE OIL,2021-01-21,XPL (C),UNDEFINED,CLEARWATER FM,DANZIG RESOURCES LTD.,13-23-076-08W5,23076085,3,1,2021.0,23076085.0,55.59941232,-115.1139756
7GEN HZ KAKWA 16-3-64-6,499342,ALBERTA CROWN,974.8M,100/16-03-064-06W6/00  N   77.2M  E,345.0M,GRANDE PRAIRIE,6300.0,HORIZONTAL,NEW,PRODUCTION,GAS,2021-01-21,DEV (C),KAKWA,MONTNEY FM,SEVEN GENERATIONS ENERGY LTD.,04-36-063-06W6,36063066,3,1,2021.0,36063066.0,54.49429946,-118.7555294
7GEN HZ KAKWA 2-13-63-4,499343,ALBERTA CROWN,876M,100/02-13-063-04W6/00  N  697.2M  E,681.1M,GRANDE PRAIRIE,6300.0,HORIZONTAL,NEW,PRODUCTION,GAS,2021-01-21,DEV (C),KAKWA,MONTNEY FM,SEVEN GENERATIONS ENERGY LTD.,06-23-063-04W6,23063046,3,1,2021.0,23063046.0,54.46519242,-118.4786956
7GEN HZ KAKWA 7-13-63-4,499344,ALBERTA CROWN,876.1M,100/07-13-063-04W6/00  N  696.9M  E,692.1M,GRANDE PRAIRIE,6300.0,HORIZONTAL,NEW,PRODUCTION,GAS,2021-01-21,DEV (C),KAKWA,MONTNEY FM,SEVEN GENERATIONS ENERGY LTD.,06-23-063-04W6,23063046,3,1,2021.0,23063046.0,54.46519242,-118.4786956
7GEN HZ 102 KAKWA 7-13-63-4,499345,ALBERTA CROWN,876.4M,102/07-13-063-04W6/00  N  696.5M  E,703.1M,GRANDE PRAIRIE,6300.0,HORIZONTAL,NEW,PRODUCTION,GAS,2021-01-21,DEV (C),KAKWA,MONTNEY FM,SEVEN GENERATIONS ENERGY LTD.,06-23-063-04W6,23063046,3,1,2021.0,23063046.0,54.46519242,-118.4786956
7GEN HZ KAKWA 8-13-63-4,499346,ALBERTA CROWN,876.9M,100/08-13-063-04W6/00  N  747.2M  E,682.6M,GRANDE PRAIRIE,6300.0,HORIZONTAL,NEW,PRODUCTION,GAS,2021-01-21,DEV (C),KAKWA,MONTNEY FM,SEVEN GENERATIONS ENERGY LTD.,06-23-063-04W6,23063046,3,1,2021.0,23063046.0,54.46519242,-118.4786956
7GEN HZ 102 KAKWA 8-13-63-4,499347,ALBERTA CROWN,877.7M,102/08-13-063-04W6/00  N  746.8M  E,693.6M,GRANDE PRAIRIE,6300.0,HORIZONTAL,NEW,PRODUCTION,GAS,2021-01-21,DEV (C),KAKWA,MONTNEY FM,SEVEN GENERATIONS ENERGY LTD.,06-23-063-04W6,23063046,3,1,2021.0,23063046.0,54.46519242,-118.4786956
7GEN HZ 103 KAKWA 8-13-63-4,499348,ALBERTA CROWN,878.7M,103/08-13-063-04W6/00  N  746.5M  E,704.6M,GRANDE PRAIRIE,6300.0,HORIZONTAL,NEW,PRODUCTION,GAS,2021-01-21,DEV (C),KAKWA,MONTNEY FM,SEVEN GENERATIONS ENERGY LTD.,06-23-063-04W6,23063046,3,1,2021.0,23063046.0,54.46519242,-118.4786956
CNRL G 7P RE KIRBY 16-28-73-7,450797,ALBERTA CROWN,727.5M,103/16-28-073-07W4/02  S   51.5M  W,466.9M,BONNYVILLE,1946.0,HORIZONTAL,RESUMPTIO,PRODUCTION (SCHEME),CRUDE BITUMEN,2021-01-18,DEV (NC),KIRBY,MCMURRAY FM,CANADIAN NATURAL RESOURCES LIMITED,15-21-073-07W4,21073074,3,1,2021.0,21073074.0,55.33731995,-111.006717
TXNE 13D-35 HZ HUSSAR 9-27-25-21,499293,FREEHOLD,929.7M,102/09-27-025-21W4/00  S  119.9M  E,253.8M,MIDNAPORE,3600.0,HORIZONTAL,NEW,PRODUCTION,CRUDE OIL,2021-01-18,DEV (NC),HUSSAR,BASAL QUARTZ SD,TORXEN ENERGY LTD.,13-35-025-21W4,35025214,3,1,2021.0,35025214.0,51.17605081,-112.8191089
TXNE 13D-35 HZ HUSSAR 13-26-25-21,499294,FREEHOLD,929.5M,100/13-26-025-21W4/00  S  119.9M  E,268.8M,MIDNAPORE,3300.0,HORIZONTAL,NEW,PRODUCTION,CRUDE OIL,2021-01-18,DEV (NC),HUSSAR,BASAL QUARTZ SD,TORXEN ENERGY LTD.,13-35-025-21W4,35025214,3,1,2021.0,35025214.0,51.17605081,-112.8191089
CEQUENCE HZ SIMON 9-35-61-27,499295,ALBERTA CROWN,1168.1M,100/09-35-061-27W5/00  N  156.1M  E,230.6M,GRANDE PRAIRIE,6500.0,HORIZONTAL,NEW,PRODUCTION,GAS,2021-01-18,DEV (C),SIMONETTE,MONTNEY FM,CEQUENCE ENERGY LTD.,04-10-062-27W5,10062275,3,1,2021.0,10062275.0,54.34863216,-117.9511675
CEQUENCE HZ SIMON 11-35-61-27,499296,ALBERTA CROWN,1168.1M,100/11-35-061-27W5/00  N  150.1M  E,222.6M,GRANDE PRAIRIE,6500.0,HORIZONTAL,NEW,PRODUCTION,GAS,2021-01-18,DEV (C),SIMONETTE,MONTNEY FM,CEQUENCE ENERGY LTD.,04-10-062-27W5,10062275,3,1,2021.0,10062275.0,54.34863216,-117.9511675
CEQUENCE HZ SIMON 3-35-61-26,499297,ALBERTA CROWN,1017.8M,100/03-35-061-26W5/00  N   72.9M  W,106.7M,GRANDE PRAIRIE,6200.0,HORIZONTAL,NEW,PRODUCTION,GAS,2021-01-18,DEV (C),SIMONETTE,MONTNEY FM,CEQUENCE ENERGY LTD.,01-10-062-26W5,10062265,3,1,2021.0,10062265.0,54.34858751,-117.8012319
CEQUENCE HZ SIMON 4-35-61-26,499298,ALBERTA CROWN,1017.8M,100/04-35-061-26W5/00  N   64.4M  W,112.0M,GRANDE PRAIRIE,6200.0,HORIZONTAL,NEW,PRODUCTION,GAS,2021-01-18,DEV (C),SIMONETTE,MONTNEY FM,CEQUENCE ENERGY LTD.,01-10-062-26W5,10062265,3,1,2021.0,10062265.0,54.34858751,-117.8012319
LONGSHORE HZ 102 PROVOST 12-23-39-6,499299,ALBERTA CROWN,690.6M,102/12-23-039-06W4/00  N  749.6M  E,707.0M,WAINWRIGHT,1775.0,HORIZONTAL,NEW,PRODUCTION,CRUDE OIL,2021-01-18,DEV (NC),PROVOST,DINA MBR,LONGSHORE RESOURCES LTD.,06-22-039-06W4,22039064,3,1,2021.0,22039064.0,52.368408,-110.7728429
TOURMALINE HZ COLUMBIA 1-1-44-15,499300,ALBERTA CROWN,1143.8M,100/01-01-044-15W5/00  N  150.1M  W,122.3M,DRAYTON VALLEY,5000.0,HORIZONTAL,NEW,PRODUCTION,GAS,2021-01-18,DEV (NC),COLUMBIA,NOTIKEWIN MBR,TOURMALINE OIL CORP.,01-12-044-15W5,12044155,3,1,2021.0,12044155.0,52.77789143,-116.0325424
RHE 102 PROVOST 7-16-35-3,499210,ALBERTA CROWN,755M,102/07-16-035-03W4/00  N  243.9M  W,674.3M,WAINWRIGHT,2700.0,HORIZONTAL,NEW,PRODUCTION,CRUDE OIL,2021-01-10,DEV (NC),PROVOST,SPARKY MBR,ROLLING HILLS ENERGY LTD.,02-21-035-03W4,21035034,1,1,2021.0,21035034.0,52.01921849,-110.3622303
WESTBRICK HZ WILLGR 13-7-44-8,499349,ALBERTA CROWN,924.4M,100/13-07-044-08W5/00  N    8.3M  E,158.3M,RED DEER,5200.0,HORIZONTAL,NEW,PRODUCTION,GAS,2021-01-22,DEV (C),WILLESDEN GREEN,UPPER MANNVILLE FM,WESTBRICK ENERGY LTD.,04-16-044-08W5,16044085,3,1,2021.0,16044085.0,52.79316534,-115.0892293
ANEGADA HZ 13C WEMBLEY 13-18-72-8,499350,ALBERTA CROWN,768M,100/13-18-072-08W6/00  S  210.1M  W,144.1M,GRANDE PRAIRIE,6750.0,HORIZONTAL,NEW,PRODUCTION,CRUDE OIL,2021-01-22,DEV (C),WEMBLEY,CHARLIE LAKE FM,ANEGADA OIL CORP.,16-16-072-08W6,16072086,3,1,2021.0,16072086.0,55.23608884,-119.1540573
ANEGADA HZ 12C WEMBLEY 12-18-72-8,499351,ALBERTA CROWN,768M,102/12-18-072-08W6/00  S  225.1M  W,144.1M,GRANDE PRAIRIE,6750.0,HORIZONTAL,NEW,PRODUCTION,CRUDE OIL,2021-01-22,DEV (C),WEMBLEY,CHARLIE LAKE FM,ANEGADA OIL CORP.,16-16-072-08W6,16072086,3,1,2021.0,16072086.0,55.23608884,-119.1540573
ATH 102 HZ PLACID 4-18-60-23,499352,ALBERTA CROWN,1084.3M,100/04-18-060-23W5/00  S  505.1M  E,316.7M,GRANDE PRAIRIE,5700.0,HORIZONTAL,NEW,PRODUCTION,GAS,2021-01-22,DEV (NC),PLACID,MONTNEY FM,ATHABASCA OIL CORPORATION,12-24-060-24W5,24060245,3,1,2021.0,24060245.0,54.20309794,-117.4513354
ATH 102 HZ PLACID 3-18-60-23,499353,ALBERTA CROWN,1084.4M,102/03-18-060-23W5/00  S  514.9M  E,314.9M,GRANDE PRAIRIE,5900.0,HORIZONTAL,NEW,PRODUCTION,GAS,2021-01-22,DEV (NC),PLACID,MONTNEY FM,ATHABASCA OIL CORPORATION,12-24-060-24W5,24060245,3,1,2021.0,24060245.0,54.20309794,-117.4513354
ATH 102 HZ PLACID 2-18-60-23,499354,ALBERTA CROWN,1083.9M,100/02-18-060-23W5/00  S  512.3M  E,356.1M,GRANDE PRAIRIE,6050.0,HORIZONTAL,NEW,PRODUCTION,GAS,2021-01-22,DEV (NC),PLACID,MONTNEY FM,ATHABASCA OIL CORPORATION,12-24-060-24W5,24060245,3,1,2021.0,24060245.0,54.20309794,-117.4513354
ATH HZ PLACID 2-18-60-23,499355,ALBERTA CROWN,1083.9M,102/02-18-060-23W5/00  S  522.2M  E,354.2M,GRANDE PRAIRIE,6250.0,HORIZONTAL,NEW,PRODUCTION,GAS,2021-01-22,DEV (NC),PLACID,MONTNEY FM,ATHABASCA OIL CORPORATION,12-24-060-24W5,24060245,3,1,2021.0,24060245.0,54.20309794,-117.4513354
MEG AT7N HARDY 2-32-76-5,499325,ALBERTA CROWN,569.5M,108/02-32-076-05W4/00  S  630.1M  E,786.6M,BONNYVILLE,2283.0,HORIZONTAL,NEW,PRODUCTION (SCHEME),CRUDE BITUMEN,2021-01-20,DEV (NC),HARDY,MCMURRAY FM,MEG ENERGY CORP.,11-33-076-05W4,33076054,3,1,2021.0,33076054.0,55.62808928,-110.7044934
MEG AT8N HARDY 2-32-76-5,499326,ALBERTA CROWN,569.5M,109/02-32-076-05W4/00  S  639.4M  E,790.5M,BONNYVILLE,2274.0,HORIZONTAL,NEW,PRODUCTION (SCHEME),CRUDE BITUMEN,2021-01-20,DEV (NC),HARDY,MCMURRAY FM,MEG ENERGY CORP.,11-33-076-05W4,33076054,3,1,2021.0,33076054.0,55.62808928,-110.7044934
MEG AT9I HARDY 10-32-76-5,499327,ALBERTA CROWN,569.6M,104/10-32-076-05W4/00  S  659.8M  E,788.0M,BONNYVILLE,1723.0,HORIZONTAL,NEW,PRODUCTION (SCHEME),CRUDE BITUMEN,2021-01-20,DEV (NC),HARDY,MCMURRAY FM,MEG ENERGY CORP.,11-33-076-05W4,33076054,3,1,2021.0,33076054.0,55.62808928,-110.7044934
MEG AT9P HARDY 10-32-76-5,499328,ALBERTA CROWN,569.6M,105/10-32-076-05W4/00  S  670.5M  E,762.1M,BONNYVILLE,1683.0,HORIZONTAL,NEW,PRODUCTION (SCHEME),CRUDE BITUMEN,2021-01-20,DEV (NC),HARDY,MCMURRAY FM,MEG ENERGY CORP.,11-33-076-05W4,33076054,3,1,2021.0,33076054.0,55.62808928,-110.7044934
MEG AT10I HARDY 10-32-76-5,499329,ALBERTA CROWN,569.6M,106/10-32-076-05W4/00  S  669.1M  E,791.8M,BONNYVILLE,1726.0,HORIZONTAL,NEW,PRODUCTION (SCHEME),CRUDE BITUMEN,2021-01-20,DEV (NC),HARDY,MCMURRAY FM,MEG ENERGY CORP.,11-33-076-05W4,33076054,3,1,2021.0,33076054.0,55.62808928,-110.7044934
MEG AT10P HARDY 10-32-76-5,499330,ALBERTA CROWN,569.6M,107/10-32-076-05W4/00  S  679.7M  E,765.9M,BONNYVILLE,1683.0,HORIZONTAL,NEW,PRODUCTION (SCHEME),CRUDE BITUMEN,2021-01-20,DEV (NC),HARDY,MCMURRAY FM,MEG ENERGY CORP.,11-33-076-05W4,33076054,3,1,2021.0,33076054.0,55.62808928,-110.7044934
MEG AT11I HARDY 10-32-76-5,499331,ALBERTA CROWN,569.6M,108/10-32-076-05W4/00  S  678.3M  E,795.6M,BONNYVILLE,1657.0,HORIZONTAL,NEW,PRODUCTION (SCHEME),CRUDE BITUMEN,2021-01-20,DEV (NC),HARDY,MCMURRAY FM,MEG ENERGY CORP.,11-33-076-05W4,33076054,3,1,2021.0,33076054.0,55.62808928,-110.7044934
MEG AT11P HARDY 10-32-76-5,499332,ALBERTA CROWN,569.6M,109/10-32-076-05W4/00  S  689.0M  E,769.7M,BONNYVILLE,1623.0,HORIZONTAL,NEW,PRODUCTION (SCHEME),CRUDE BITUMEN,2021-01-20,DEV (NC),HARDY,MCMURRAY FM,MEG ENERGY CORP.,11-33-076-05W4,33076054,3,1,2021.0,33076054.0,55.62808928,-110.7044934
MEG AT12I HARDY 10-32-76-5,499333,ALBERTA CROWN,569.5M,110/10-32-076-05W4/00  S  687.6M  E,799.4M,BONNYVILLE,1678.0,HORIZONTAL,NEW,PRODUCTION (SCHEME),CRUDE BITUMEN,2021-01-20,DEV (NC),HARDY,MCMURRAY FM,MEG ENERGY CORP.,11-33-076-05W4,33076054,3,1,2021.0,33076054.0,55.62808928,-110.7044934
MEG AT12P HARDY 10-32-76-5,499334,ALBERTA CROWN,569.5M,111/10-32-076-05W4/00  S  698.2M  E,773.5M,BONNYVILLE,1649.0,HORIZONTAL,NEW,PRODUCTION (SCHEME),CRUDE BITUMEN,2021-01-20,DEV (NC),HARDY,MCMURRAY FM,MEG ENERGY CORP.,11-33-076-05W4,33076054,3,1,2021.0,33076054.0,55.62808928,-110.7044934
ENTRADA 103 HZ WILLGR 6-33-42-6,499211,ALBERTA CROWN,1025.8M,103/06-33-042-06W5/00  S  189.7M  E,603.4M,RED DEER,4230.0,HORIZONTAL,NEW,PRODUCTION,CRUDE OIL,2021-01-11,DEV (NC),WILLESDEN GREEN,CARDIUM FM,ENTRADA RESOURCES INC.,14-21-042-06W5,21042065,2,1,2021.0,21042065.0,52.63210107,-114.7933755
TOURMALINE HZ02 VALHALLA 12-29-78-8,499212,ALBERTA CROWN,755.9M,102/12-29-078-08W6/00  N  345.8M  E,668.4M,GRANDE PRAIRIE,4000.0,HORIZONTAL,NEW,PRODUCTION,CRUDE OIL,2021-01-11,DEV (C),VALHALLA,CHARLIE LAKE FM,TOURMALINE OIL CORP.,03-20-078-08W6,20078086,2,1,2021.0,20078086.0,55.77402007,-119.1899333
TOURMALINE HZ VALHALLA 11-29-78-8,499213,ALBERTA CROWN,755.9M,100/11-29-078-08W6/00  N  345.8M  E,677.1M,GRANDE PRAIRIE,4000.0,HORIZONTAL,NEW,PRODUCTION,CRUDE OIL,2021-01-11,DEV (C),VALHALLA,CHARLIE LAKE FM,TOURMALINE OIL CORP.,03-20-078-08W6,20078086,2,1,2021.0,20078086.0,55.77402007,-119.1899333
YANGARRA HZ 102 FERRIER 14-11-38-8,499214,ALBERTA CROWN,1068.5M,102/14-11-038-08W5/00  S   65.0M  W,476.6M,RED DEER,5521.0,HORIZONTAL,NEW,PRODUCTION,CRUDE OIL,2021-01-11,DEV (NC),FERRIER,CARDIUM FM,YANGARRA RESOURCES CORP.,15-35-037-08W5,35037085,2,1,2021.0,35037085.0,52.22429027,-115.0254286
7GEN HZ 109 KAKWA 1-13-64-6,499215,ALBERTA CROWN,816.7M,109/01-13-064-06W6/00  N  333.8M  E,609.1M,GRANDE PRAIRIE,6300.0,HORIZONTAL,NEW,PRODUCTION,GAS,2021-01-11,DEV (C),KAKWA,MONTNEY FM,SEVEN GENERATIONS ENERGY LTD.,03-23-064-06W6,23064066,2,1,2021.0,23064066.0,54.55250834,-118.7807154
7GEN HZ 110 KAKWA 1-13-64-6,499216,ALBERTA CROWN,816.9M,110/01-13-064-06W6/00  N  383.7M  E,605.8M,GRANDE PRAIRIE,6300.0,HORIZONTAL,NEW,PRODUCTION,GAS,2021-01-11,DEV (C),KAKWA,MONTNEY FM,SEVEN GENERATIONS ENERGY LTD.,03-23-064-06W6,23064066,2,1,2021.0,23064066.0,54.55250834,-118.7807154
7GEN HZ 103 KAKWA 2-13-64-6,499217,ALBERTA CROWN,816.5M,103/02-13-064-06W6/00  N  311.9M  E,610.6M,GRANDE PRAIRIE,6300.0,HORIZONTAL,NEW,PRODUCTION,GAS,2021-01-11,DEV (C),KAKWA,MONTNEY FM,SEVEN GENERATIONS ENERGY LTD.,03-23-064-06W6,23064066,2,1,2021.0,23064066.0,54.55250834,-118.7807154
7GEN HZ 104 KAKWA 2-13-64-6,499218,ALBERTA CROWN,816.6M,104/02-13-064-06W6/00  N  322.9M  E,609.8M,GRANDE PRAIRIE,6300.0,HORIZONTAL,NEW,PRODUCTION,GAS,2021-01-11,DEV (C),KAKWA,MONTNEY FM,SEVEN GENERATIONS ENERGY LTD.,03-23-064-06W6,23064066,2,1,2021.0,23064066.0,54.55250834,-118.7807154
7GEN HZ 102 KAKWA 8-13-64-6,499219,ALBERTA CROWN,817M,102/08-13-064-06W6/00  N  394.7M  E,605.1M,GRANDE PRAIRIE,6300.0,HORIZONTAL,NEW,PRODUCTION,GAS,2021-01-11,DEV (C),KAKWA,MONTNEY FM,SEVEN GENERATIONS ENERGY LTD.,03-23-064-06W6,23064066,2,1,2021.0,23064066.0,54.55250834,-118.7807154
7GEN HZ 104 KAKWA 5-18-64-5,499220,ALBERTA CROWN,817M,104/05-18-064-05W6/00  N  405.7M  E,604.3M,GRANDE PRAIRIE,6300.0,HORIZONTAL,NEW,PRODUCTION,GAS,2021-01-11,DEV (C),KAKWA,MONTNEY FM,SEVEN GENERATIONS ENERGY LTD.,06-23-064-06W6,23064066,2,1,2021.0,23064066.0,54.55250834,-118.7807154
PIPE HZ ELM 3-2-71-8,499221,ALBERTA CROWN,694.4M,100/03-02-071-08W6/00  S  273.8M  W,731.8M,GRANDE PRAIRIE,5682.0,HORIZONTAL,NEW,PRODUCTION,GAS,2021-01-11,DEV (C),ELMWORTH,MONTNEY FM,PIPESTONE ENERGY CORP.,15-25-070-08W6,25070086,2,1,2021.0,25070086.0,55.09067311,-119.0687958
PIPE 102 HZ ELM 3-2-71-8,499222,ALBERTA CROWN,694.2M,102/03-02-071-08W6/00  S  273.8M  W,721.8M,GRANDE PRAIRIE,5814.0,HORIZONTAL,NEW,PRODUCTION,GAS,2021-01-11,DEV (C),ELMWORTH,MONTNEY FM,PIPESTONE ENERGY CORP.,15-25-070-08W6,25070086,2,1,2021.0,25070086.0,55.09067311,-119.0687958
PIPE HZ  ELM 6-2-71-8,499223,ALBERTA CROWN,693.8M,100/06-02-071-08W6/00  S  273.8M  W,711.8M,GRANDE PRAIRIE,5754.0,HORIZONTAL,NEW,PRODUCTION,GAS,2021-01-11,DEV (C),ELMWORTH,MONTNEY FM,PIPESTONE ENERGY CORP.,15-25-070-08W6,25070086,2,1,2021.0,25070086.0,55.09067311,-119.0687958
PIPE 102 HZ ELM 13-35-70-8,499224,ALBERTA CROWN,695.4M,102/13-35-070-08W6/00  S  323.8M  W,731.8M,GRANDE PRAIRIE,5482.0,HORIZONTAL,NEW,PRODUCTION,GAS,2021-01-11,DEV (C),ELMWORTH,MONTNEY FM,PIPESTONE ENERGY CORP.,15-25-070-08W6,25070086,2,1,2021.0,25070086.0,55.09067311,-119.0687958
PIPE HZ  ELM 12-35-70-8,499225,ALBERTA CROWN,695.3M,100/12-35-070-08W6/00  S  323.8M  W,721.8M,GRANDE PRAIRIE,5359.0,HORIZONTAL,NEW,PRODUCTION,GAS,2021-01-11,DEV (C),ELMWORTH,MONTNEY FM,PIPESTONE ENERGY CORP.,15-25-070-08W6,25070086,2,1,2021.0,25070086.0,55.09067311,-119.0687958
PIPE HZ  ELM 5-35-70-8,499226,ALBERTA CROWN,695M,100/05-35-070-08W6/00  S  323.8M  W,711.8M,GRANDE PRAIRIE,5482.0,HORIZONTAL,NEW,PRODUCTION,GAS,2021-01-11,DEV (C),ELMWORTH,MONTNEY FM,PIPESTONE ENERGY CORP.,15-25-070-08W6,25070086,2,1,2021.0,25070086.0,55.09067311,-119.0687958
TOURMALINE HZ  PROGRESS 4-17-78-8,499227,ALBERTA CROWN,755.9M,100/04-17-078-08W6/00  N  345.8M  E,685.9M,GRANDE PRAIRIE,4000.0,HORIZONTAL,NEW,PRODUCTION,CRUDE OIL,2021-01-11,DEV (C),PROGRESS,CHARLIE LAKE FM,TOURMALINE OIL CORP.,03-20-078-08W6,20078086,2,1,2021.0,20078086.0,55.77402007,-119.1899333
TOURMALINE HZ PROGRESS 3-17-78-8,499228,ALBERTA CROWN,756.1M,100/03-17-078-08W6/00  N  345.8M  E,694.6M,GRANDE PRAIRIE,4000.0,HORIZONTAL,NEW,PRODUCTION,CRUDE OIL,2021-01-11,DEV (C),PROGRESS,CHARLIE LAKE FM,TOURMALINE OIL CORP.,03-20-078-08W6,20078086,2,1,2021.0,20078086.0,55.77402007,-119.1899333
CHEVRON HZ FOXCK 4-34-61-19,499229,ALBERTA CROWN,913.6M,100/04-34-061-19W5/00  S  181.0M  W,694.6M,ST. ALBERT,6877.0,HORIZONTAL,NEW,PRODUCTION,GAS,2021-01-11,DEV (C),FOX CREEK,DUVERNAY FM,CHEVRON CANADA LIMITED,15-03-062-19W5,3062195,2,1,2021.0,3062195.0,54.33414534,-116.7515688
CHEVRON 103 HZ KAYBOBS 13-27-61-19,499230,ALBERTA CROWN,913.6M,103/13-27-061-19W5/00  S  180.2M  W,687.3M,ST. ALBERT,6497.0,HORIZONTAL,NEW,PRODUCTION,GAS,2021-01-11,DEV (C),KAYBOB SOUTH,DUVERNAY FM,CHEVRON CANADA LIMITED,15-03-062-19W5,3062195,2,1,2021.0,3062195.0,54.33414534,-116.7515688
CHEVRON 102 HZ KAYBOBS 14-27-61-19,499231,ALBERTA CROWN,913.6M,102/14-27-061-19W5/00  S  179.4M  W,680.0M,ST. ALBERT,6159.0,HORIZONTAL,NEW,PRODUCTION,GAS,2021-01-11,DEV (C),KAYBOB SOUTH,DUVERNAY FM,CHEVRON CANADA LIMITED,15-03-062-19W5,3062195,2,1,2021.0,3062195.0,54.33414534,-116.7515688
CHEVRON HZ FOXCK 2-34-61-19,499232,ALBERTA CROWN,913.6M,100/02-34-061-19W5/00  S  178.6M  W,672.7M,ST. ALBERT,5859.0,HORIZONTAL,NEW,PRODUCTION,GAS,2021-01-11,DEV (C),FOX CREEK,DUVERNAY FM,CHEVRON CANADA LIMITED,15-03-062-19W5,3062195,2,1,2021.0,3062195.0,54.33414534,-116.7515688
CHEVRON 103 HZ KAYBOBS 15-27-61-19,499233,ALBERTA CROWN,913.6M,103/15-27-061-19W5/00  S  177.8M  W,665.5M,ST. ALBERT,5627.0,HORIZONTAL,NEW,PRODUCTION,GAS,2021-01-11,DEV (C),KAYBOB SOUTH,DUVERNAY FM,CHEVRON CANADA LIMITED,15-03-062-19W5,3062195,2,1,2021.0,3062195.0,54.33414534,-116.7515688
CHEVRON 102 HZ KAYBOBS 16-27-61-19,499234,ALBERTA CROWN,913.6M,102/16-27-061-19W5/00  S  177.0M  W,658.2M,ST. ALBERT,5223.0,HORIZONTAL,NEW,PRODUCTION,GAS,2021-01-11,DEV (C),KAYBOB SOUTH,DUVERNAY FM,CHEVRON CANADA LIMITED,15-03-062-19W5,3062195,2,1,2021.0,3062195.0,54.33414534,-116.7515688
MANCAL HZ PEMBINA 5-25-49-13,499235,ALBERTA CROWN,981.8M,100/05-25-049-13W5/00  S  658.0M  W,123.0M,DRAYTON VALLEY,3868.0,HORIZONTAL,NEW,PRODUCTION,GAS,2021-01-11,DEV (NC),PEMBINA,ELLERSLIE MBR,MANCAL ENERGY INC.,09-25-049-13W5,25049135,2,1,2021.0,25049135.0,53.25791656,-115.7570184
YANGARRA HZ 104 FERRIER 1-5-37-7,499179,ALBERTA CROWN,1062.2M,104/01-05-037-07W5/00  N  362.3M  E,105.8M,RED DEER,5622.0,HORIZONTAL,NEW,PRODUCTION,CRUDE OIL,2021-01-05,DEV (NC),FERRIER,CARDIUM FM,YANGARRA RESOURCES CORP.,04-16-037-07W5,16037075,1,1,2021.0,16037075.0,52.18086888,-114.9299322
NEP LEDUC-WB 16-28-48-25,499180,ALBERTA CROWN,756.9M,100/16-28-048-25W4/00  S  100.0M  W,100.0M,ST. ALBERT,1675.0,VERTICAL,NEW,PRODUCTION,CRUDE OIL,2021-01-05,XPL (C),LEDUC-WOODBEND,IRETON FM,NEP CANADA ULC,16-28-048-25W4,28048254,1,1,2021.0,28048254.0,53.17057658,-113.5860655
CEQUENCE 12-26 HZ SMOKY 14-33-61-27,499181,ALBERTA CROWN,1183.8M,100/14-33-061-27W5/00  S  610.3M  E,434.7M,GRANDE PRAIRIE,6700.0,HORIZONTAL,NEW,PRODUCTION,CRUDE OIL,2021-01-05,DEV (C),SMOKY,MONTNEY FM,CEQUENCE ENERGY LTD.,11-26-061-27W5,26061275,1,1,2021.0,26061275.0,54.30503946,-117.9261736
CEQUENCE 12-26 HZ SMOKY 15-33-61-27,499182,ALBERTA CROWN,1183.8M,100/15-33-061-27W5/00  S  596.3M  E,429.3M,GRANDE PRAIRIE,6500.0,HORIZONTAL,NEW,PRODUCTION,CRUDE OIL,2021-01-05,DEV (C),SMOKY,MONTNEY FM,CEQUENCE ENERGY LTD.,11-26-061-27W5,26061275,1,1,2021.0,26061275.0,54.30503946,-117.9261736
ACCELEWARE HZ MARW 7-18-53-2,499183,ALBERTA CROWN,604.5M,100/07-18-053-02W4/00  N  512.6M  W,298.9M,BONNYVILLE,1800.0,HORIZONTAL,NEW,EXPERIMENTAL,NONE,2021-01-05,EX (C),MARWAYNE,LOWER GRAND RAPIDS,ACCELEWARE LTD.,08-13-053-02W4,13053024,1,1,2021.0,13053024.0,53.57724059,-110.1531165
RHE 100 WESTLOCK 13-34-61-26,499184,ALBERTA CROWN,625.1M,100/13-34-061-26W4/00  N   60.0M  W,233.0M,ST. ALBERT,2685.0,HORIZONTAL,NEW,PRODUCTION,CRUDE OIL,2021-01-05,DEV (C),WESTLOCK,CLEARWATER FM,ROLLING HILLS ENERGY LTD.,01-05-062-26W4,5062264,1,1,2021.0,5062264.0,54.33405442,-113.8505362
TQN FERRIER 4-28-44-10,499185,FREEHOLD,949.3M,102/04-28-044-10W5/00  N   95.0M  W,125.0M,RED DEER,3940.0,HORIZONTAL,NEW,PRODUCTION,GAS,2021-01-05,DEV (NC),FERRIER,SPIRIT RIVER FM,TAQA NORTH LTD.,01-28-044-10W5,28044105,1,1,2021.0,28044105.0,52.82163434,-115.379796
TXNE 8D-31 HZ ALDSON 6-4-15-13,499186,FREEHOLD,748.5M,100/06-04-015-13W4/00  N  734.7M  W,44.9M,MEDICINE HAT,3100.0,HORIZONTAL,NEW,PRODUCTION,CRUDE OIL,2021-01-05,DEV (NC),ALDERSON,ELLERSLIE MBR,TORXEN ENERGY LTD.,08-31-014-13W4,31014134,1,1,2021.0,31014134.0,50.21541626,-111.7560229
TXNE 15A-5 HZ ALDSON 11-9-15-14,499187,FREEHOLD,786.4M,100/11-09-015-14W4/00  S  385.9M  W,528.4M,MEDICINE HAT,2750.0,HORIZONTAL,NEW,PRODUCTION,CRUDE OIL,2021-01-05,DEV (NC),ALDERSON,BASAL QUARTZ SD,TORXEN ENERGY LTD.,15-05-015-14W4,5015144,1,1,2021.0,5015144.0,50.23004792,-111.8835569
TXNE 15A-5 HZ ALDSON 11-30-14-14,499188,FREEHOLD,786.7M,100/11-31-014-14W4/00  S  385.9M  W,540.4M,MEDICINE HAT,3100.0,HORIZONTAL,NEW,PRODUCTION,CRUDE OIL,2021-01-05,DEV (NC),ALDERSON,BASAL QUARTZ SD,TORXEN ENERGY LTD.,15-05-015-14W4,5015144,1,1,2021.0,5015144.0,50.23004792,-111.8835569
WINSLOW 102 HZ PEMBINA 16-23-45-9,499189,ALBERTA CROWN,895.6M,102/16-23-045-09W5/00  S  351.0M  E,90.9M,DRAYTON VALLEY,5000.0,HORIZONTAL,NEW,PRODUCTION,GAS,2021-01-05,DEV (NC),PEMBINA,CARDIUM FM,WINSLOW RESOURCES INC.,13-12-045-09W5,12045095,1,1,2021.0,12045095.0,52.86517917,-115.1622425
VESTA 100- CYGNET 4-22-38-28,499284,BOTH,948.2M,100/04-22-038-28W4/00  S  100.7M  W,730.9M,RED DEER,6300.0,HORIZONTAL,NEW,PRODUCTION,CRUDE OIL,2021-01-15,DEV (C),CYGNET,DUVERNAY FM,VESTA ENERGY LTD.,15-27-038-28W4,27038284,2,1,2021.0,27038284.0,52.29634699,-113.9094031
VESTA 102 CYGNET 4-22-38-28,499285,BOTH,948.9M,102/04-22-038-28W4/00  S  100.7M  W,720.9M,RED DEER,6300.0,HORIZONTAL,NEW,PRODUCTION,CRUDE OIL,2021-01-15,DEV (C),CYGNET,DUVERNAY FM,VESTA ENERGY LTD.,15-27-038-28W4,27038284,2,1,2021.0,27038284.0,52.29634699,-113.9094031
VESTA 100 CYGNET 3-22-38-28,499286,BOTH,948.3M,100/03-22-038-28W4/00  S  100.7M  W,710.9M,RED DEER,6300.0,HORIZONTAL,NEW,PRODUCTION,CRUDE OIL,2021-01-15,DEV (C),CYGNET,DUVERNAY FM,VESTA ENERGY LTD.,15-27-038-28W4,27038284,2,1,2021.0,27038284.0,52.29634699,-113.9094031
VESTA 100 CYGNET 2-22-38-28,499287,BOTH,949M,100/02-22-038-28W4/00  S  100.7M  W,700.9M,RED DEER,6300.0,HORIZONTAL,NEW,PRODUCTION,CRUDE OIL,2021-01-15,DEV (C),CYGNET,DUVERNAY FM,VESTA ENERGY LTD.,15-27-038-28W4,27038284,2,1,2021.0,27038284.0,52.29634699,-113.9094031
TQN FERRIER 1-29-44-10,499288,FREEHOLD,969.4M,102/01-29-044-10W5/00  N  145.0M  W,70.0M,RED DEER,4099.0,HORIZONTAL,NEW,PRODUCTION,GAS,2021-01-15,DEV (NC),FERRIER,NOTIKEWIN MBR,TAQA NORTH LTD.,01-30-044-10W5,30044105,2,1,2021.0,30044105.0,52.82162266,-115.4281591
TXNE 15C-2 HZ 102 COUNTESS 4-2-20-18,499289,FREEHOLD,820.6M,102/04-02-020-18W4/00  S   90.0M  W,624.9M,MIDNAPORE,2850.0,HORIZONTAL,NEW,PRODUCTION,CRUDE OIL,2021-01-15,DEV (NC),COUNTESS,GLAUCONITIC SS,TORXEN ENERGY LTD.,15-02-020-18W4,2020184,2,1,2021.0,2020184.0,50.66655314,-112.3823061
TXNE 15C-2 HZ COUNTESS 1-12-20-18,499290,FREEHOLD,820.7M,100/01-12-020-18W4/00  S   75.0M  W,625.0M,MIDNAPORE,3200.0,HORIZONTAL,NEW,PRODUCTION,CRUDE OIL,2021-01-15,DEV (NC),COUNTESS,LOWER MANNVILLE FM,TORXEN ENERGY LTD.,15-02-020-18W4,2020184,2,1,2021.0,2020184.0,50.66655314,-112.3823061
VESTA 100 CYGNET 9-6-39-27,499356,BOTH,935.5M,103/09-06-039-27W4/00  N  753.2M  W,65.0M,RED DEER,6300.0,HORIZONTAL,NEW,PRODUCTION,CRUDE OIL,2021-01-23,DEV (C),CYGNET,DUVERNAY FM,VESTA ENERGY LTD.,08-02-039-28W4,2039284,3,1,2021.0,2039284.0,52.32545463,-113.9158612
VESTA 100 CYGNET 8-6-39-27,499357,BOTH,935.5M,100/08-06-039-27W4/00  N  743.2M  W,65.0M,RED DEER,6300.0,HORIZONTAL,NEW,PRODUCTION,CRUDE OIL,2021-01-23,DEV (C),CYGNET,DUVERNAY FM,VESTA ENERGY LTD.,08-02-039-28W4,2039284,3,1,2021.0,2039284.0,52.32545463,-113.9158612
VESTA 102 CYGNET 8-6-39-27,499358,BOTH,935.5M,102/08-06-039-27W4/00  N  733.2M  W,65.0M,RED DEER,6300.0,HORIZONTAL,NEW,PRODUCTION,CRUDE OIL,2021-01-23,DEV (C),CYGNET,DUVERNAY FM,VESTA ENERGY LTD.,08-02-039-28W4,2039284,3,1,2021.0,2039284.0,52.32545463,-113.9158612
VESTA 100 CYGNET 1-6-39-27,499359,BOTH,935.8M,100/01-06-039-27W4/00  N  723.2M  W,65.0M,RED DEER,6300.0,HORIZONTAL,NEW,PRODUCTION,CRUDE OIL,2021-01-23,DEV (C),CYGNET,DUVERNAY FM,VESTA ENERGY LTD.,08-02-039-28W4,2039284,3,1,2021.0,2039284.0,52.32545463,-113.9158612
SHALE PETROLEUM RICINUS 16-26-35-9,499194,ALBERTA CROWN,1231.7M,100/16-26-035-09W5/00  N  502.4M  W,505.7M,RED DEER,4425.0,HORIZONTAL,NEW,PRODUCTION,GAS,2021-01-07,DEV (C),RICINUS,CARDIUM FM,SHALE PETROLEUM LTD.,07-25-035-09W5,25035095,1,1,2021.0,25035095.0,52.03530308,-115.1441929
SHALE PETROLEUM RICINUS 5-36-35-9,499195,ALBERTA CROWN,1232.6M,100/05-36-035-09W5/00  N  494.9M  W,505.1M,RED DEER,4425.0,HORIZONTAL,NEW,PRODUCTION,GAS,2021-01-07,DEV (C),RICINUS,CARDIUM FM,SHALE PETROLEUM LTD.,07-25-035-09W5,25035095,1,1,2021.0,25035095.0,52.03530308,-115.1441929
RHE 100 WESTLOCK 13-34-61-26,499196,ALBERTA CROWN,625.1M,102/13-34-061-26W4/00  N   60.0M  W,233.0M,ST. ALBERT,2685.0,HORIZONTAL,NEW,PRODUCTION,CRUDE OIL,2021-01-07,XPL (C),WESTLOCK,CLEARWATER FM,ROLLING HILLS ENERGY LTD.,01-05-062-26W4,5062264,1,1,2021.0,5062264.0,54.33405442,-113.8505362
LONGSHORE DD PROVOST 6-28-39-6,499291,ALBERTA CROWN,694.6M,100/06-28-039-06W4/00  N  581.2M  E,525.0M,WAINWRIGHT,912.0,DIRECTIONAL,NEW,EVALUATION,MISCELLANEOUS,2021-01-16,OTH (NC),PROVOST,LEDUC FM,LONGSHORE RESOURCES LTD.,06-28-039-06W4,28039064,2,1,2021.0,28039064.0,52.38308367,-110.7968405
LONGSHORE HZ 105 PROVOST 15-22-39-6,499292,ALBERTA CROWN,691.2M,105/15-22-039-06W4/00  N  729.6M  E,707.0M,WAINWRIGHT,1860.0,HORIZONTAL,NEW,PRODUCTION,CRUDE OIL,2021-01-16,DEV (NC),PROVOST,DINA MBR,LONGSHORE RESOURCES LTD.,06-22-039-06W4,22039064,2,1,2021.0,22039064.0,52.368408,-110.7728429
ARTIS HZ TWINING 10-31-30-24,499197,ALBERTA CROWN,888.2M,100/10-31-030-24W4/00  S  114.9M  E,768.9M,RED DEER,6300.0,HORIZONTAL,NEW,PRODUCTION,CRUDE OIL,2021-01-08,DEV (NC),TWINING,DUVERNAY FM,ARTIS EXPLORATION LTD.,14-08-031-24W4,8031244,1,1,2021.0,8031244.0,51.64155109,-113.3593881
ARTIS HZ 102 TWINING 15-20-31-24,499198,BOTH,888M,103/15-20-031-24W4/00  S  114.9M  E,780.9M,RED DEER,6000.0,HORIZONTAL,NEW,PRODUCTION,CRUDE OIL,2021-01-08,DEV (NC),TWINING,DUVERNAY FM,ARTIS EXPLORATION LTD.,14-08-031-24W4,8031244,1,1,2021.0,8031244.0,51.64155109,-113.3593881
VEI HZ WESTPEM 1-31-49-13,499199,ALBERTA CROWN,993.1M,100/01-31-049-13W5/00  S  110.0M  W,412.8M,DRAYTON VALLEY,5232.0,HORIZONTAL,NEW,PRODUCTION,GAS,2021-01-08,DEV (NC),WESTPEM,NOTIKEWIN MBR,VERMILION ENERGY INC.,15-06-050-13W5,6050135,1,1,2021.0,6050135.0,53.28701167,-115.8788677
KARVE HZ PROVOST 1-32-35-2,499200,ALBERTA CROWN,757.4M,100/01-32-035-02W4/00  N   40.0M  E,70.3M,WAINWRIGHT,2641.0,HORIZONTAL,NEW,PRODUCTION,CRUDE OIL,2021-01-08,DEV (NC),PROVOST,VIKING FM,KARVE ENERGY INC.,04-28-035-02W4,28035024,1,1,2021.0,28035024.0,52.03397541,-110.2192808
SYNCRUDE 21-4902 DAPHNE 9-13-96-11,499201,ALBERTA CROWN,287.5M,1AA/09-13-096-11W4/00  S  695.6M  W,158.7M,BONNYVILLE,151.0,VERTICAL,NEW,OIL SAND EVALUATION,CRUDE BITUMEN,2021-01-08,OV (C),UNDEFINED,MCMURRAY FM,SYNCRUDE CANADA LTD.,09-13-096-11W4,13096114,1,1,2021.0,13096114.0,57.32992575,-111.6318416
KARVE HZ PROVOST 1-20-35-2,499202,ALBERTA CROWN,757.5M,100/01-20-035-02W4/00  N   40.0M  E,80.3M,WAINWRIGHT,2283.0,HORIZONTAL,NEW,PRODUCTION,CRUDE OIL,2021-01-08,DEV (NC),PROVOST,VIKING FM,KARVE ENERGY INC.,04-28-035-02W4,28035024,1,1,2021.0,28035024.0,52.03397541,-110.2192808
TAC 9-23 HZ 102 NIPISI 9-22-76-7,499203,ALBERTA CROWN,750.2M,100/09-22-076-07W5/00  S  527.5M  W,224.4M,ST. ALBERT,2522.0,HORIZONTAL,NEW,PRODUCTION,CRUDE OIL,2021-01-08,DEV (NC),NIPISI,CLEARWATER FM,TAMARACK ACQUISITION CORP.,09-23-076-07W5,23076075,1,1,2021.0,23076075.0,55.59930573,-114.9587945
SYNCRUDE 21-4903 DAPHNE 6-13-96-11,499204,ALBERTA CROWN,282.8M,1AB/06-13-096-11W4/00  N  604.1M  E,550.0M,BONNYVILLE,134.0,VERTICAL,NEW,OIL SAND EVALUATION,CRUDE BITUMEN,2021-01-08,OV (C),UNDEFINED,MCMURRAY FM,SYNCRUDE CANADA LTD.,06-13-096-11W4,13096114,1,1,2021.0,13096114.0,57.32992575,-111.6318416
TAC 9-23 HZ NIPISI 9-22-76-7,499205,ALBERTA CROWN,750.3M,102/09-22-076-07W5/00  S  521.0M  W,216.8M,ST. ALBERT,2367.0,HORIZONTAL,NEW,PRODUCTION,CRUDE OIL,2021-01-08,DEV (NC),NIPISI,CLEARWATER FM,TAMARACK ACQUISITION CORP.,09-23-076-07W5,23076075,1,1,2021.0,23076075.0,55.59930573,-114.9587945
SYNCRUDE 21-4905 DAPHNE 7-13-96-11,499206,ALBERTA CROWN,284.9M,1AB/07-13-096-11W4/00  N  409.8M  W,528.6M,BONNYVILLE,123.0,VERTICAL,NEW,OIL SAND EVALUATION,CRUDE BITUMEN,2021-01-08,OV (C),UNDEFINED,MCMURRAY FM,SYNCRUDE CANADA LTD.,07-13-096-11W4,13096114,1,1,2021.0,13096114.0,57.32992575,-111.6318416
SYNCRUDE 21-4908 DAPHNE 16-12-96-11,499207,ALBERTA CROWN,289.8M,1AC/16-12-096-11W4/00  S  166.1M  W,147.5M,BONNYVILLE,125.0,VERTICAL,NEW,OIL SAND EVALUATION,CRUDE BITUMEN,2021-01-08,OV (C),UNDEFINED,MCMURRAY FM,SYNCRUDE CANADA LTD.,16-12-096-11W4,12096114,1,1,2021.0,12096114.0,57.3152885,-111.6318658
SYNCRUDE 21-4909 DAPHNE 8-1-96-11,499208,ALBERTA CROWN,282.9M,1AC/08-01-096-11W4/00  N  450.7M  W,321.1M,BONNYVILLE,99.0,VERTICAL,NEW,OIL SAND EVALUATION,CRUDE BITUMEN,2021-01-08,OV (C),UNDEFINED,MCMURRAY FM,SYNCRUDE CANADA LTD.,08-01-096-11W4,1096114,1,1,2021.0,1096114.0,57.30083168,-111.6318896
SYNCRUDE 21-4910 DAPHNE 2-1-96-11,499209,ALBERTA CROWN,276.7M,1AA/02-01-096-11W4/00  N  246.5M  W,719.0M,BONNYVILLE,47.0,VERTICAL,NEW,OIL SAND EVALUATION,CRUDE BITUMEN,2021-01-08,OV (C),UNDEFINED,MCMURRAY FM,SYNCRUDE CANADA LTD.,02-01-096-11W4,1096114,1,1,2021.0,1096114.0,57.30083168,-111.6318896
YANGARRA HZ 102 FERRIER 3-30-39-8,499301,FREEHOLD,1051M,100/03-30-039-08W5/00  N  299.9M  W,165.0M,RED DEER,4107.0,HORIZONTAL,NEW,PRODUCTION,CRUDE OIL,2021-01-19,DEV (NC),FERRIER,CARDIUM FM,YANGARRA RESOURCES CORP.,01-36-039-09W5,36039095,3,1,2021.0,36039095.0,52.39947261,-115.1529269
YANGARRA HZ FERRIER 3-30-39-9,499302,ALBERTA CROWN,1051M,100/03-30-039-09W5/00  N  314.9M  W,164.9M,RED DEER,4278.0,HORIZONTAL,NEW,PRODUCTION,CRUDE OIL,2021-01-19,DEV (NC),FERRIER,CARDIUM FM,YANGARRA RESOURCES CORP.,01-36-039-09W5,36039095,3,1,2021.0,36039095.0,52.39947261,-115.1529269
CNRL 16D LIND 16-4-55-4,499303,ALBERTA CROWN,605.1M,100/16-04-055-04W4/00  S  331.5M  W,60.1M,BONNYVILLE,565.0,SLANT,NEW,PRODUCTION (SCHEME),CRUDE BITUMEN,2021-01-19,DEV (NC),LINDBERGH,CLEARWATER FM,CANADIAN NATURAL RESOURCES LIMITED,16-04-055-04W4,4055044,3,1,2021.0,4055044.0,53.722446,-110.5252766
CEQUENCE HZ SIMON 10-31-61-26,499304,ALBERTA CROWN,1010.5M,100/10-31-061-26W5/00  S  104.8M  E,128.5M,GRANDE PRAIRIE,6160.0,HORIZONTAL,NEW,PRODUCTION,GAS,2021-01-19,DEV (C),SIMONETTE,MONTNEY FM,CEQUENCE ENERGY LTD.,13-01-062-27W5,1062275,3,1,2021.0,1062275.0,54.33411138,-117.9011836
CEQUENCE HZ SIMON 11-31-61-26,499305,ALBERTA CROWN,1010.4M,100/11-31-061-26W5/00  S  126.9M  E,95.2M,GRANDE PRAIRIE,5900.0,HORIZONTAL,NEW,PRODUCTION,GAS,2021-01-19,DEV (C),SIMONETTE,MONTNEY FM,CEQUENCE ENERGY LTD.,13-01-062-27W5,1062275,3,1,2021.0,1062275.0,54.33411138,-117.9011836
TQN BRAZR 15-27-44-11,499306,ALBERTA CROWN,987.3M,100/15-27-044-11W5/00  S  132.4M  E,532.8M,DRAYTON VALLEY,5753.0,HORIZONTAL,NEW,PRODUCTION,GAS,2021-01-19,DEV (C),BRAZEAU RIVER,UPPER MANNVILLE FM,TAQA NORTH LTD.,14-15-044-11W5,15044115,3,1,2021.0,15044115.0,52.7925463,-115.50069
LONGSHORE HZ 103 PROVOST 13-22-39-6,499307,ALBERTA CROWN,690.9M,103/13-22-039-06W4/00  N  739.6M  E,707.0M,WAINWRIGHT,1462.0,HORIZONTAL,NEW,PRODUCTION,CRUDE OIL,2021-01-19,DEV (NC),PROVOST,DINA MBR,LONGSHORE RESOURCES LTD.,06-22-039-06W4,22039064,3,1,2021.0,22039064.0,52.368408,-110.7728429
RIDGEBACK HZ BONANZA 11-10-82-11,499308,ALBERTA CROWN,621.9M,100/11-10-082-11W6/00  N  386.9M  E,80.7M,GRANDE PRAIRIE,4292.0,HORIZONTAL,NEW,PRODUCTION,CRUDE OIL,2021-01-19,DEV (C),BONANZA,CHARLIE LAKE FM,RIDGEBACK RESOURCES INC.,04-22-082-11W6,22082116,3,1,2021.0,22082116.0,56.12340125,-119.6186355
7GEN HZ 102 KAKWA 3-4-64-4,499309,ALBERTA CROWN,943.8M,102/03-04-064-04W6/00  N   32.1M  E,395.5M,GRANDE PRAIRIE,6300.0,HORIZONTAL,NEW,PRODUCTION,GAS,2021-01-19,DEV (C),KAKWA,MONTNEY FM,SEVEN GENERATIONS ENERGY LTD.,04-33-063-04W6,33063046,3,1,2021.0,33063046.0,54.49429356,-118.5290435
7GEN HZ KAKWA 4-4-64-4,499310,ALBERTA CROWN,943.8M,100/04-04-064-04W6/00  N   31.8M  E,384.5M,GRANDE PRAIRIE,6300.0,HORIZONTAL,NEW,PRODUCTION,GAS,2021-01-19,DEV (C),KAKWA,MONTNEY FM,SEVEN GENERATIONS ENERGY LTD.,04-33-063-04W6,33063046,3,1,2021.0,33063046.0,54.49429356,-118.5290435
7GEN HZ 102 KAKWA 4-4-64-4,499311,ALBERTA CROWN,943.8M,102/04-04-064-04W6/00  N   31.5M  E,373.5M,GRANDE PRAIRIE,6300.0,HORIZONTAL,NEW,PRODUCTION,GAS,2021-01-19,DEV (C),KAKWA,MONTNEY FM,SEVEN GENERATIONS ENERGY LTD.,04-33-063-04W6,33063046,3,1,2021.0,33063046.0,54.49429356,-118.5290435
7GEN HZ KAKWA 5-4-64-4,499312,ALBERTA CROWN,943.8M,100/05-04-064-04W6/00  N   31.2M  E,362.5M,GRANDE PRAIRIE,6300.0,HORIZONTAL,NEW,PRODUCTION,GAS,2021-01-19,DEV (C),KAKWA,MONTNEY FM,SEVEN GENERATIONS ENERGY LTD.,04-33-063-04W6,33063046,3,1,2021.0,33063046.0,54.49429356,-118.5290435
SCL HZ FC132A KAYBOBS 2-4-63-20,499313,ALBERTA CROWN,801.9M,100/02-04-063-20W5/00  N  436.6M  E,402.2M,ST. ALBERT,6204.0,HORIZONTAL,NEW,PRODUCTION,GAS,2021-01-19,DEV (NC),KAYBOB SOUTH,DUVERNAY FM,SHELL CANADA LIMITED,05-15-063-20W5,15063205,3,1,2021.0,15063205.0,54.45078569,-116.9250723
SCL HZ FC132B KAYBOBS 1-4-63-20,499314,ALBERTA CROWN,801.9M,100/01-04-063-20W5/00  N  436.6M  E,407.1M,ST. ALBERT,6070.0,HORIZONTAL,NEW,PRODUCTION,GAS,2021-01-19,DEV (NC),KAYBOB SOUTH,DUVERNAY FM,SHELL CANADA LIMITED,06-15-063-20W5,15063205,3,1,2021.0,15063205.0,54.45078569,-116.9250723
SCL HZ FC132C KAYBOBS 4-3-63-20,499315,ALBERTA CROWN,801.9M,100/04-03-063-20W5/00  N  436.6M  E,412.1M,ST. ALBERT,6017.0,HORIZONTAL,NEW,PRODUCTION,GAS,2021-01-19,DEV (NC),KAYBOB SOUTH,DUVERNAY FM,SHELL CANADA LIMITED,06-15-063-20W5,15063205,3,1,2021.0,15063205.0,54.45078569,-116.9250723
SCL HZ FC132D KAYBOBS 3-3-63-20,499316,ALBERTA CROWN,801.9M,100/03-03-063-20W5/00  N  436.6M  E,417.0M,ST. ALBERT,6022.0,HORIZONTAL,NEW,PRODUCTION,GAS,2021-01-19,DEV (NC),KAYBOB SOUTH,DUVERNAY FM,SHELL CANADA LIMITED,06-15-063-20W5,15063205,3,1,2021.0,15063205.0,54.45078569,-116.9250723
SCL HZ FC132E KAYBOBS 2-3-63-20,499317,ALBERTA CROWN,801.9M,100/02-03-063-20W5/00  N  436.6M  E,421.9M,ST. ALBERT,6044.0,HORIZONTAL,NEW,PRODUCTION,GAS,2021-01-19,DEV (NC),KAYBOB SOUTH,DUVERNAY FM,SHELL CANADA LIMITED,06-15-063-20W5,15063205,3,1,2021.0,15063205.0,54.45078569,-116.9250723
SCL HZ FC 132F KAYBOBS 1-3-63-20,499318,ALBERTA CROWN,801.9M,100/01-03-063-20W5/00  N  436.6M  E,426.8M,ST. ALBERT,6766.0,HORIZONTAL,NEW,PRODUCTION,GAS,2021-01-19,DEV (NC),KAYBOB SOUTH,DUVERNAY FM,SHELL CANADA LIMITED,06-15-063-20W5,15063205,3,1,2021.0,15063205.0,54.45078569,-116.9250723
LONGSHORE HZ 105 PROVOST 4-21-39-6,499319,ALBERTA CROWN,706.1M,105/04-21-039-06W4/00  S  724.3M  W,409.3M,WAINWRIGHT,1782.0,HORIZONTAL,NEW,PRODUCTION,CRUDE OIL,2021-01-19,DEV (NC),PROVOST,DINA MBR,LONGSHORE RESOURCES LTD.,10-17-039-06W4,17039064,3,1,2021.0,17039064.0,52.35397353,-110.8208361
SPL 6-31 HZ NIPISI 1-30-76-6,499320,ALBERTA CROWN,722.5M,100/01-30-076-06W5/00  N  411.0M  E,766.5M,ST. ALBERT,2700.0,HORIZONTAL,NEW,PRODUCTION,CRUDE OIL,2021-01-19,DEV (NC),NIPISI,CLEARWATER FM,SPUR PETROLEUM LTD.,06-31-076-06W5,31076065,3,1,2021.0,31076065.0,55.6284605,-114.9069808
SPL 6-31 HZ NIPISI 8-32-76-6,499321,ALBERTA CROWN,722.4M,100/08-32-076-06W5/00  N  421.2M  E,756.8M,ST. ALBERT,2700.0,HORIZONTAL,NEW,PRODUCTION,CRUDE OIL,2021-01-19,DEV (NC),NIPISI,CLEARWATER FM,SPUR PETROLEUM LTD.,06-31-076-06W5,31076065,3,1,2021.0,31076065.0,55.6284605,-114.9069808
SPL 6-31 HZ 102 NIPISI 8-32-76-6,499322,ALBERTA CROWN,722.3M,102/08-32-076-06W5/00  N  421.0M  E,766.8M,ST. ALBERT,2700.0,HORIZONTAL,NEW,PRODUCTION,CRUDE OIL,2021-01-19,DEV (NC),NIPISI,CLEARWATER FM,SPUR PETROLEUM LTD.,06-31-076-06W5,31076065,3,1,2021.0,31076065.0,55.6284605,-114.9069808
SPL 6-31 HZ 103 NIPISI 2-30-76-6,499323,ALBERTA CROWN,722.8M,103/02-30-076-06W5/00  N  411.2M  E,756.5M,ST. ALBERT,2550.0,HORIZONTAL,NEW,PRODUCTION,CRUDE OIL,2021-01-19,DEV (NC),NIPISI,CLEARWATER FM,SPUR PETROLEUM LTD.,06-31-076-06W5,31076065,3,1,2021.0,31076065.0,55.6284605,-114.9069808
PPR HZ 102 ALDSON 10-13-18-11,499324,FREEHOLD,763.2M,102/10-13-018-11W4/00  S  545.4M  W,757.4M,MEDICINE HAT,3522.0,HORIZONTAL,NEW,PRODUCTION,CRUDE OIL,2021-01-19,DEV (NC),ALDERSON,ELLERSLIE MBR,PRAIRIE PROVIDENT RESOURCES CANADA LTD.,10-23-018-11W4,23018114,3,1,2021.0,23018114.0,50.53553475,-111.4023394
OVV HZ 102 WEMBLEY 13-33-72-9,499161,ALBERTA CROWN,806M,102/13-33-072-09W6/00  S  105.0M  E,267.6M,GRANDE PRAIRIE,5700.0,HORIZONTAL,NEW,PRODUCTION,GAS,2021-01-04,DEV (NC),WEMBLEY,MONTNEY FM,OVINTIV CANADA ULC,13-27-072-09W6,27072096,1,1,2021.0,27072096.0,55.26514307,-119.2822494
OVV HZ 103 WEMBLEY 13-33-72-9,499162,ALBERTA CROWN,806M,103/13-33-072-09W6/00  S  105.0M  E,277.6M,GRANDE PRAIRIE,5700.0,HORIZONTAL,NEW,PRODUCTION,GAS,2021-01-04,DEV (NC),WEMBLEY,MONTNEY FM,OVINTIV CANADA ULC,13-27-072-09W6,27072096,1,1,2021.0,27072096.0,55.26514307,-119.2822494
OVV HZ 102 WEMBLEY 4-22-72-9,499163,ALBERTA CROWN,806M,102/04-22-072-09W6/00  S  105.0M  E,287.6M,GRANDE PRAIRIE,5700.0,HORIZONTAL,NEW,PRODUCTION,GAS,2021-01-04,DEV (NC),WEMBLEY,MONTNEY FM,OVINTIV CANADA ULC,13-27-072-09W6,27072096,1,1,2021.0,27072096.0,55.26514307,-119.2822494
OVV HZ 103 WEMBLEY 4-22-72-9,499164,ALBERTA CROWN,806M,103/04-22-072-09W6/00  S  105.0M  E,327.6M,GRANDE PRAIRIE,5700.0,HORIZONTAL,NEW,PRODUCTION,GAS,2021-01-04,DEV (NC),WEMBLEY,MONTNEY FM,OVINTIV CANADA ULC,13-27-072-09W6,27072096,1,1,2021.0,27072096.0,55.26514307,-119.2822494
OVV HZ 103 WEMBLEY 3-22-72-9,499165,ALBERTA CROWN,806M,103/03-22-072-09W6/00  S  105.0M  E,337.6M,GRANDE PRAIRIE,5700.0,HORIZONTAL,NEW,PRODUCTION,GAS,2021-01-04,DEV (NC),WEMBLEY,MONTNEY FM,OVINTIV CANADA ULC,13-27-072-09W6,27072096,1,1,2021.0,27072096.0,55.26514307,-119.2822494
OVV HZ 104 WEMBLEY 13-33-72-9,499166,ALBERTA CROWN,806M,104/13-33-072-09W6/00  S  105.0M  E,347.6M,GRANDE PRAIRIE,5700.0,HORIZONTAL,NEW,PRODUCTION,GAS,2021-01-04,DEV (NC),WEMBLEY,MONTNEY FM,OVINTIV CANADA ULC,13-27-072-09W6,27072096,1,1,2021.0,27072096.0,55.26514307,-119.2822494
PEYTO SUNDANCE 1-22-55-22,499167,ALBERTA CROWN,930.3M,103/01-22-055-22W5/00  S  167.5M  W,234.9M,DRAYTON VALLEY,5430.0,HORIZONTAL,NEW,PRODUCTION,GAS,2021-01-04,DEV (NC),SUNDANCE,FALHER MBR,PEYTO EXPLORATION & DEVELOPMENT CORP.,16-27-055-22W5,27055225,1,1,2021.0,27055225.0,53.78119118,-117.1726082
TXNE 3A-24 HZ VERGER 9-12-22-16,499168,BOTH,732.8M,102/09-12-022-16W4/00  N   65.7M  E,636.0M,MIDNAPORE,3400.0,HORIZONTAL,NEW,PRODUCTION,CRUDE OIL,2021-01-04,DEV (NC),VERGER,BASAL QUARTZ SD,TORXEN ENERGY LTD.,03-24-022-16W4,24022164,1,1,2021.0,24022164.0,50.88495204,-112.0822145
PEYTO SUNDANCE 2-22-55-22,499169,ALBERTA CROWN,929.8M,100/02-22-055-22W5/00  S  159.8M  W,247.8M,DRAYTON VALLEY,5440.0,HORIZONTAL,NEW,PRODUCTION,GAS,2021-01-04,DEV (NC),SUNDANCE,FALHER MBR,PEYTO EXPLORATION & DEVELOPMENT CORP.,16-27-055-22W5,27055225,1,1,2021.0,27055225.0,53.78119118,-117.1726082
OVV HZ ELM 4-4-71-8,499170,ALBERTA CROWN,729.7M,100/04-04-071-08W6/00  S  482.2M  W,119.2M,GRANDE PRAIRIE,5546.0,HORIZONTAL,NEW,PRODUCTION,GAS,2021-01-04,DEV (NC),ELMWORTH,MONTNEY FM,OVINTIV CANADA ULC,09-12-071-09W6,12071096,1,1,2021.0,12071096.0,55.13416867,-119.2309835
OVV HZ 102 ELM 4-4-71-8,499171,ALBERTA CROWN,729.8M,102/04-04-071-08W6/00  S  492.2M  W,119.2M,GRANDE PRAIRIE,5546.0,HORIZONTAL,NEW,PRODUCTION,GAS,2021-01-04,DEV (NC),ELMWORTH,MONTNEY FM,OVINTIV CANADA ULC,09-12-071-09W6,12071096,1,1,2021.0,12071096.0,55.13416867,-119.2309835
OVV HZ ELM 1-5-71-8,499172,ALBERTA CROWN,729.9M,102/01-05-071-08W6/00  S  502.2M  W,119.2M,GRANDE PRAIRIE,5546.0,HORIZONTAL,NEW,PRODUCTION,GAS,2021-01-04,DEV (NC),ELMWORTH,MONTNEY FM,OVINTIV CANADA ULC,09-12-071-09W6,12071096,1,1,2021.0,12071096.0,55.13416867,-119.2309835
OVV HZ 102 ELM 1-5-71-8,499173,ALBERTA CROWN,730.1M,103/01-05-071-08W6/00  S  512.2M  W,119.2M,GRANDE PRAIRIE,5546.0,HORIZONTAL,NEW,PRODUCTION,GAS,2021-01-04,DEV (NC),ELMWORTH,MONTNEY FM,OVINTIV CANADA ULC,09-12-071-09W6,12071096,1,1,2021.0,12071096.0,55.13416867,-119.2309835
OVV HZ ELM 2-5-71-8,499174,ALBERTA CROWN,730.5M,100/02-05-071-08W6/00  S  507.1M  W,189.2M,GRANDE PRAIRIE,5546.0,HORIZONTAL,NEW,PRODUCTION,GAS,2021-01-04,DEV (NC),ELMWORTH,MONTNEY FM,OVINTIV CANADA ULC,09-12-071-09W6,12071096,1,1,2021.0,12071096.0,55.13416867,-119.2309835
OVV HZ 102 ELM 2-5-71-8,499175,ALBERTA CROWN,730.6M,102/02-05-071-08W6/00  S  517.1M  W,189.2M,GRANDE PRAIRIE,5546.0,HORIZONTAL,NEW,PRODUCTION,GAS,2021-01-04,DEV (NC),ELMWORTH,MONTNEY FM,OVINTIV CANADA ULC,09-12-071-09W6,12071096,1,1,2021.0,12071096.0,55.13416867,-119.2309835
OVV HZ ELM 3-5-71-8,499176,ALBERTA CROWN,730.7M,100/03-05-071-08W6/00  S  527.1M  W,189.2M,GRANDE PRAIRIE,5546.0,HORIZONTAL,NEW,PRODUCTION,GAS,2021-01-04,DEV (NC),ELMWORTH,MONTNEY FM,OVINTIV CANADA ULC,09-12-071-09W6,12071096,1,1,2021.0,12071096.0,55.13416867,-119.2309835
OVV HZ 102 ELM 3-5-71-8,499177,ALBERTA CROWN,730.8M,102/03-05-071-08W6/00  S  537.1M  W,189.2M,GRANDE PRAIRIE,5546.0,HORIZONTAL,NEW,PRODUCTION,GAS,2021-01-04,DEV (NC),ELMWORTH,MONTNEY FM,OVINTIV CANADA ULC,09-12-071-09W6,12071096,1,1,2021.0,12071096.0,55.13416867,-119.2309835
LONGSHORE HZ PCOUPES 6-1-77-10,499178,ALBERTA CROWN,823.8M,100/06-01-077-10W6/00  S  403.2M  W,129.2M,GRANDE PRAIRIE,4289.0,HORIZONTAL,NEW,PRODUCTION,CRUDE OIL,2021-01-04,DEV (C),POUCE COUPE SOUTH,CHARLIE LAKE FM,LONGSHORE RESOURCES LTD.,09-03-077-10W6,3077106,1,1,2021.0,3077106.0,55.64324263,-119.4484475
